Soil_pH,Nitrogen,Phosphorus,Potassium,Temperature,Humidity,Rainfall,Crop
6.2,105,25,101,28,76,257,Rice
6.4,92,32,117,27,71,209,Rice
6.2,108,30,93,28,74,245,Maize
6.4,92,49,118,30,85,343,Rice
6.4,107,49,82,28,75,227,Maize
7.0,82,36,90,25,50,129,Wheat
7.8,47,18,42,35,59,146,Bajra
6.3,114,49,121,30,73,205,Maize
6.2,128,49,133,32,78,215,Maize
7.1,64,33,48,21,54,154,Wheat
6.3,133,35,104,27,84,392,Rice
5.6,93,23,77,30,78,281,Rice
7.2,20,15,46,32,46,54,Bajra
6.2,128,44,114,29,71,179,Maize
5.8,137,28,98,25,71,222,Rice
7.3,48,32,67,22,68,163,Wheat
6.5,100,47,130,33,72,189,Maize
6.1,83,33,43,20,53,109,Wheat
6.1,124,31,70,27,87,293,Rice
6.8,59,31,60,20,60,163,Wheat
6.4,104,22,111,31,86,213,Rice
6.0,87,24,64,24,72,346,Rice
6.7,89,35,72,21,63,100,Wheat
6.7,54,34,83,25,64,154,Wheat
6.6,41,29,74,20,57,191,Wheat
6.5,132,29,88,24,73,327,Rice
8.2,45,5,58,36,49,128,Bajra
6.4,58,32,63,22,64,109,Wheat
5.6,131,47,60,24,81,337,Rice
7.3,57,34,77,20,55,175,Wheat
6.5,89,41,79,30,76,257,Rice
6.4,138,34,134,27,77,192,Maize
6.0,135,31,63,30,78,305,Rice
5.9,139,41,101,32,78,207,Maize
6.3,101,36,116,29,87,306,Rice
6.9,107,35,109,31,69,206,Maize
6.5,88,32,117,26,72,220,Rice
6.1,131,32,94,32,65,234,Maize
6.7,132,31,94,27,70,164,Maize
6.1,119,31,117,34,77,241,Maize
6.7,71,25,53,23,62,142,Wheat
6.3,126,48,103,34,72,177,Maize
6.3,135,39,108,25,63,193,Maize
5.8,83,29,84,30,72,310,Rice
5.6,85,45,67,26,87,381,Rice
6.8,102,33,120,29,78,164,Maize
8.4,45,11,29,35,43,98,Bajra
6.9,50,11,38,36,49,137,Bajra
8.2,59,10,57,30,33,76,Bajra
7.1,46,34,96,25,62,110,Wheat
7.5,67,28,81,23,66,145,Wheat
6.8,72,26,99,21,58,158,Wheat
6.7,42,33,97,20,64,101,Wheat
6.9,106,33,129,32,64,243,Maize
6.8,125,30,135,28,60,199,Maize
7.8,36,8,45,37,50,62,Bajra
6.2,100,35,92,30,64,196,Maize
5.9,126,45,64,25,73,231,Rice
5.8,109,47,96,29,72,150,Maize
7.8,44,14,32,32,57,82,Bajra
7.2,88,35,47,20,64,155,Wheat
6.7,105,30,104,25,69,152,Maize
6.0,108,37,61,24,86,387,Rice
5.9,128,31,119,27,87,330,Rice
6.4,116,47,116,34,74,182,Maize
6.5,77,35,69,21,50,187,Wheat
7.0,36,18,44,33,58,64,Bajra
5.7,89,48,117,30,81,245,Rice
6.8,84,22,92,24,63,184,Wheat
5.5,106,39,114,24,80,311,Rice
7.2,56,32,50,25,52,121,Wheat
6.7,126,34,125,25,62,153,Maize
6.5,136,23,78,25,86,372,Rice
6.6,127,30,123,28,70,186,Maize
6.2,100,48,68,28,80,388,Rice
6.2,121,31,67,26,79,256,Rice
5.7,109,39,72,26,76,336,Rice
6.4,121,47,102,26,77,224,Maize
6.4,90,20,66,31,85,325,Rice
6.8,82,35,58,20,55,148,Wheat
6.9,51,24,82,23,53,102,Wheat
6.9,36,11,45,33,52,94,Bajra
6.3,100,39,77,26,89,266,Rice
5.6,89,27,74,28,73,227,Rice
6.7,43,34,56,23,52,173,Wheat
6.6,117,30,114,29,71,150,Maize
6.1,128,30,115,34,63,163,Maize
6.9,102,38,102,28,64,192,Maize
6.4,137,22,97,31,80,228,Rice
7.7,20,8,38,35,46,71,Bajra
7.4,53,31,55,20,62,111,Wheat
6.5,132,30,108,29,65,180,Maize
6.4,132,42,131,34,69,190,Maize
6.3,133,46,107,27,72,245,Maize
6.4,135,24,115,26,76,351,Rice
6.6,122,47,111,32,66,246,Maize
6.1,107,44,131,28,61,218,Maize
5.6,113,45,85,24,73,238,Rice
6.9,72,27,59,24,62,189,Wheat
6.8,111,30,121,33,62,239,Maize
6.8,63,37,53,24,52,197,Wheat
6.8,52,21,46,24,68,188,Wheat
6.0,111,40,98,31,89,271,Rice
6.6,64,20,41,22,63,119,Wheat
6.8,25,5,44,35,33,143,Bajra
5.9,117,33,87,25,64,246,Maize
6.3,65,33,74,24,56,132,Wheat
5.9,90,43,67,31,75,387,Rice
5.9,99,43,73,24,79,279,Rice
5.7,106,47,102,31,89,296,Rice
6.3,108,38,88,25,71,194,Maize
7.1,72,20,51,25,58,154,Wheat
6.4,128,37,60,26,77,330,Rice
6.2,134,27,78,25,87,316,Rice
7.4,78,35,55,25,58,106,Wheat
6.2,124,35,101,28,75,225,Maize
7.0,124,42,87,32,64,161,Maize
6.2,136,41,109,31,81,336,Rice
7.4,78,23,84,20,51,145,Wheat
7.8,42,11,49,31,42,110,Bajra
5.5,104,32,75,24,71,382,Rice
5.7,96,42,113,27,86,379,Rice
6.1,61,30,52,22,50,180,Wheat
5.6,110,48,100,26,76,268,Rice
5.8,85,44,78,31,71,209,Rice
6.2,112,42,126,32,70,231,Maize
6.9,70,20,68,24,62,100,Wheat
6.4,86,23,94,30,77,394,Rice
6.3,90,30,108,27,75,239,Rice
5.9,130,48,82,28,70,164,Maize
6.0,124,45,75,27,70,283,Rice
5.9,113,43,119,28,66,232,Maize
7.1,58,28,92,24,63,159,Wheat
6.1,110,24,82,26,75,393,Rice
7.5,89,38,40,25,65,192,Wheat
6.6,30,5,27,35,33,124,Bajra
6.3,95,25,112,28,88,227,Rice
6.2,83,24,95,21,68,131,Wheat
6.7,83,21,81,20,53,175,Wheat
6.0,127,35,112,34,73,235,Maize
7.7,37,8,35,36,45,121,Bajra
7.4,46,36,89,25,68,156,Wheat
6.2,128,30,108,29,62,223,Maize
7.2,74,32,52,21,51,169,Wheat
6.4,139,34,99,30,83,350,Rice
7.4,60,20,98,22,50,103,Wheat
6.9,134,35,85,31,71,236,Maize
5.5,103,24,100,25,82,374,Rice
5.6,107,47,89,25,81,354,Rice
5.7,128,38,119,25,70,255,Rice
6.9,41,20,78,24,60,162,Wheat
6.6,78,26,81,25,52,193,Wheat
6.9,23,13,51,33,47,144,Bajra
6.4,126,20,62,28,86,325,Rice
6.5,112,32,122,26,74,226,Maize
6.8,115,47,86,28,68,243,Maize
6.1,139,48,122,29,61,204,Maize
5.6,122,42,117,30,85,324,Rice
6.6,67,31,49,21,67,167,Wheat
6.0,47,30,46,20,57,102,Wheat
6.8,128,47,127,28,63,155,Maize
6.0,96,43,87,26,82,362,Rice
5.9,126,24,107,29,85,354,Rice
6.3,134,36,117,33,71,164,Maize
6.6,72,38,58,24,61,164,Wheat
6.8,44,11,42,33,44,129,Bajra
6.3,102,44,80,31,60,198,Maize
6.2,102,32,102,28,89,301,Rice
6.7,131,49,134,27,76,185,Maize
5.9,139,30,99,28,64,236,Maize
6.5,45,20,94,22,62,128,Wheat
8.3,43,11,29,35,38,90,Bajra
5.9,123,32,89,27,83,254,Rice
6.2,118,36,105,32,65,152,Maize
6.9,130,36,109,34,66,249,Maize
6.2,43,31,44,24,68,125,Wheat
5.6,132,49,62,26,80,206,Rice
6.4,132,28,101,28,84,381,Rice
5.7,106,46,67,31,89,263,Rice
6.7,134,37,108,33,71,160,Maize
6.2,73,22,55,22,53,186,Wheat
6.7,49,6,30,34,46,75,Bajra
5.9,131,35,79,28,71,287,Rice
5.9,113,33,128,28,62,221,Maize
6.9,49,31,60,21,59,122,Wheat
6.8,128,38,131,27,73,183,Maize
6.1,107,36,85,26,78,242,Maize
6.8,102,47,103,30,69,176,Maize
8.5,45,19,52,35,34,96,Bajra
6.0,91,46,113,24,88,224,Rice
6.9,112,30,130,30,67,217,Maize
6.2,138,33,131,28,74,170,Maize
6.5,26,5,35,30,49,136,Bajra
6.6,65,21,62,20,51,178,Wheat
7.4,62,36,99,20,67,135,Wheat
6.3,132,35,89,28,72,229,Maize
6.1,105,30,83,28,72,251,Rice
7.1,40,39,82,21,61,113,Wheat
7.4,67,26,49,22,53,165,Wheat
6.6,115,40,121,25,73,171,Maize
7.1,48,38,55,25,65,117,Wheat
7.9,58,13,23,30,59,94,Bajra
6.3,115,38,93,24,81,201,Rice
6.7,61,24,98,23,58,192,Wheat
6.4,81,29,90,21,55,161,Wheat
6.5,44,15,23,37,56,97,Bajra
6.2,114,29,93,27,75,370,Rice
6.5,118,31,104,25,68,230,Maize
6.5,70,38,74,24,50,167,Wheat
6.0,118,35,80,32,60,200,Maize
5.6,126,42,116,26,88,292,Rice
7.1,52,12,26,30,58,110,Bajra
6.5,45,36,89,24,67,161,Wheat
5.9,87,43,72,28,85,210,Rice
5.8,132,47,116,34,64,239,Maize
5.6,104,21,98,25,89,206,Rice
5.8,111,46,127,28,75,232,Maize
6.4,81,21,46,24,52,114,Wheat
6.8,81,34,61,22,55,151,Wheat
6.0,136,48,88,31,74,389,Rice
6.0,116,47,129,32,61,162,Maize
7.0,42,24,76,24,52,162,Wheat
7.2,67,37,97,23,53,132,Wheat
6.7,36,12,26,30,37,105,Bajra
6.7,51,35,70,23,68,162,Wheat
6.9,76,35,80,23,63,174,Wheat
6.1,88,23,107,25,88,383,Rice
6.6,72,21,84,20,56,115,Wheat
6.8,110,41,137,34,72,161,Maize
7.5,89,23,67,24,54,111,Wheat
6.9,101,47,120,31,69,158,Maize
6.4,44,31,40,23,55,118,Wheat
6.8,122,39,138,26,72,207,Maize
6.3,122,32,134,33,71,212,Maize
6.2,63,27,48,25,54,193,Wheat
6.2,103,31,80,27,77,302,Rice
5.7,84,33,112,28,79,377,Rice
6.4,63,30,56,21,60,147,Wheat
6.3,65,20,70,25,61,171,Wheat
7.0,53,35,82,23,58,173,Wheat
6.3,45,38,82,20,55,158,Wheat
6.3,104,35,111,31,75,364,Rice
7.1,77,28,67,20,63,170,Wheat
5.7,131,49,116,30,87,298,Rice
6.4,50,22,78,22,67,176,Wheat
6.2,91,36,89,30,81,291,Rice
6.9,85,26,84,25,68,182,Wheat
6.7,135,35,119,32,75,212,Maize
6.5,84,33,78,24,69,105,Wheat
5.7,102,31,97,26,70,395,Rice
7.2,42,15,45,33,57,57,Bajra
7.1,42,24,59,25,64,169,Wheat
5.8,130,46,64,28,85,200,Rice
6.2,132,27,84,31,83,330,Rice
7.1,59,34,54,25,62,191,Wheat
6.3,85,20,85,25,57,147,Wheat
6.3,86,34,83,24,88,254,Rice
8.3,34,13,54,37,30,65,Bajra
7.4,70,27,88,25,63,158,Wheat
6.7,46,19,35,32,35,104,Bajra
5.8,91,39,104,31,77,386,Rice
5.9,132,36,126,30,72,226,Maize
5.9,115,32,86,27,74,270,Rice
5.8,111,33,131,32,76,189,Maize
8.2,20,8,53,33,53,70,Bajra
5.5,82,31,110,30,85,322,Rice
5.8,121,46,100,27,77,160,Maize
6.6,104,41,127,33,77,248,Maize
7.3,51,24,45,21,59,107,Wheat
7.2,70,27,64,24,52,148,Wheat
6.9,81,34,67,24,63,167,Wheat
8.0,52,12,39,34,35,79,Bajra
6.5,135,35,95,28,74,195,Maize
5.9,114,42,122,25,74,163,Maize
7.6,23,15,42,34,38,102,Bajra
7.4,82,30,46,24,59,103,Wheat
6.3,127,45,120,30,63,151,Maize
6.5,85,30,112,25,81,396,Rice
5.7,97,38,62,24,73,248,Rice
6.0,133,38,120,29,74,196,Maize
6.2,77,23,63,24,62,174,Wheat
6.5,40,22,86,21,59,171,Wheat
6.6,54,28,95,20,59,119,Wheat
6.5,40,21,97,22,63,171,Wheat
8.0,48,19,20,33,40,141,Bajra
7.3,73,26,47,22,64,121,Wheat
6.5,134,40,82,27,69,240,Maize
6.5,123,42,111,29,63,162,Maize
6.7,76,35,46,20,61,120,Wheat
5.9,123,31,73,25,71,224,Rice
6.8,65,35,49,24,51,134,Wheat
6.5,27,18,29,32,35,78,Bajra
5.8,125,38,87,25,79,374,Rice
6.3,46,35,70,21,68,127,Wheat
5.9,102,39,72,28,80,338,Rice
6.3,127,48,83,30,64,188,Maize
5.9,119,20,71,25,79,285,Rice
7.0,107,49,91,27,76,241,Maize
6.9,77,20,61,23,54,176,Wheat
6.4,129,40,119,29,61,209,Maize
6.8,134,39,98,32,66,182,Maize
5.8,127,44,95,24,71,230,Rice
6.9,111,48,136,25,79,173,Maize
6.4,52,27,49,23,57,172,Wheat
7.3,27,17,40,36,57,84,Bajra
6.6,41,38,51,20,69,135,Wheat
5.6,126,38,61,27,74,391,Rice
5.7,106,41,69,26,73,301,Rice
6.3,87,26,86,25,69,125,Wheat
6.1,76,32,60,25,58,116,Wheat
8.2,41,16,25,34,45,139,Bajra
5.8,93,31,101,29,89,315,Rice
7.0,58,34,47,24,59,134,Wheat
5.6,137,24,75,24,75,379,Rice
6.0,59,34,57,20,68,143,Wheat
6.0,129,41,105,31,89,213,Rice
5.8,115,42,86,31,73,227,Maize
6.2,119,44,115,31,75,216,Maize
6.1,85,35,83,31,75,273,Rice
6.6,45,20,92,22,61,155,Wheat
6.4,138,42,132,32,76,190,Maize
7.3,69,21,75,21,54,118,Wheat
7.5,71,29,76,20,62,154,Wheat
6.4,93,33,67,30,74,218,Rice
5.9,129,36,138,34,67,195,Maize
5.8,113,37,82,31,77,184,Maize
6.1,104,36,90,34,70,208,Maize
6.9,130,42,93,25,72,238,Maize
5.8,95,31,117,31,75,333,Rice
6.2,103,31,106,32,71,158,Maize
6.1,72,31,96,21,62,103,Wheat
6.5,113,37,91,33,65,175,Maize
6.3,53,25,81,25,66,188,Wheat
7.7,32,7,44,36,56,86,Bajra
6.4,122,43,85,33,70,161,Maize
7.1,45,25,89,25,69,139,Wheat
6.2,112,21,103,30,73,387,Rice
5.8,102,27,104,30,88,285,Rice
7.0,119,30,95,31,61,156,Maize
6.9,133,39,101,29,77,236,Maize
6.0,108,40,137,29,76,234,Maize
6.3,61,30,62,20,53,192,Wheat
6.3,128,49,112,33,71,249,Maize
6.6,107,42,122,33,75,223,Maize
6.0,70,33,90,23,67,116,Wheat
7.0,43,35,51,24,62,116,Wheat
6.8,71,24,89,23,66,178,Wheat
6.2,119,38,138,29,60,227,Maize
7.0,40,32,85,22,55,158,Wheat
6.5,134,39,130,27,78,241,Maize
6.5,81,21,43,25,56,170,Wheat
7.1,58,28,59,21,62,149,Wheat
6.3,92,31,69,24,77,348,Rice
7.0,28,7,45,34,59,141,Bajra
7.5,29,11,33,37,52,64,Bajra
8.2,57,11,42,32,36,64,Bajra
6.7,127,45,95,32,66,219,Maize
6.0,126,46,68,30,71,356,Rice
6.8,63,26,73,23,64,196,Wheat
5.8,111,32,109,26,70,246,Rice
6.2,52,24,99,22,67,120,Wheat
7.1,86,39,99,20,53,133,Wheat
7.2,74,26,81,25,65,101,Wheat
8.1,25,9,48,33,36,96,Bajra
6.5,87,31,58,22,57,154,Wheat
6.9,129,46,118,25,65,226,Maize
6.5,125,49,96,25,63,154,Maize
6.6,109,43,107,25,70,175,Maize
7.2,66,37,79,23,59,168,Wheat
5.7,117,22,99,30,78,324,Rice
6.7,133,39,99,25,63,194,Maize
7.0,86,24,64,20,54,133,Wheat
7.8,38,18,59,30,57,148,Bajra
6.8,107,30,124,29,63,156,Maize
6.0,82,36,76,23,52,136,Wheat
6.3,87,32,107,26,70,272,Rice
6.2,56,21,48,25,68,112,Wheat
6.5,104,34,63,27,89,209,Rice
6.8,126,41,131,27,73,246,Maize
7.3,75,33,95,25,52,166,Wheat
6.8,111,34,89,33,60,162,Maize
6.1,90,35,97,31,72,282,Rice
6.3,123,49,101,26,73,232,Rice
6.3,122,38,102,27,80,269,Rice
6.4,64,29,42,22,69,127,Wheat
5.6,103,30,99,29,89,338,Rice
6.2,83,35,89,24,52,146,Wheat
6.4,117,43,116,29,73,238,Maize
6.3,122,44,139,27,79,187,Maize
6.3,117,39,82,28,84,386,Rice
6.6,115,46,98,29,64,213,Maize
6.3,47,24,46,25,54,155,Wheat
6.4,56,34,75,25,65,192,Wheat
7.2,87,29,80,23,63,103,Wheat
6.3,135,47,124,26,60,170,Maize
7.0,44,25,77,22,65,175,Wheat
5.8,110,40,86,26,77,300,Rice
6.3,81,31,81,24,76,306,Rice
5.8,111,30,60,24,79,379,Rice
6.4,116,37,138,28,77,240,Maize
6.5,117,32,106,30,76,229,Maize
6.0,113,35,119,25,70,240,Maize
6.3,104,35,81,30,73,192,Maize
6.4,124,38,135,27,75,192,Maize
6.9,115,48,127,34,67,204,Maize
5.6,137,28,119,26,81,349,Rice
6.6,126,36,98,33,65,234,Maize
5.8,98,37,106,25,83,252,Rice
6.5,138,37,121,32,72,225,Maize
5.7,122,38,105,26,87,299,Rice
5.7,88,42,98,24,76,270,Rice
6.9,102,42,89,26,66,234,Maize
8.5,42,13,46,37,51,76,Bajra
6.2,62,35,58,21,52,190,Wheat
5.8,130,39,128,30,76,170,Maize
6.1,91,44,113,24,89,312,Rice
5.8,127,48,72,26,71,215,Rice
6.3,86,24,115,30,71,326,Rice
7.5,64,35,97,23,51,104,Wheat
6.0,110,46,127,30,64,233,Maize
5.5,127,35,105,29,71,390,Rice
5.9,99,32,106,27,78,359,Rice
6.2,135,37,119,30,75,240,Maize
6.1,49,36,72,21,59,189,Wheat
6.2,83,45,63,24,78,229,Rice
8.3,42,10,56,37,45,111,Bajra
5.8,122,35,64,31,76,250,Rice
5.9,137,34,62,31,79,272,Rice
6.9,122,44,96,31,79,165,Maize
7.0,59,34,44,24,55,191,Wheat
6.4,138,35,81,31,67,231,Maize
8.5,36,9,57,36,36,127,Bajra
6.1,136,41,110,26,76,230,Maize
5.7,108,35,93,24,89,212,Rice
6.9,126,42,91,26,64,206,Maize
6.7,48,7,30,37,30,124,Bajra
6.7,138,45,82,27,63,245,Maize
6.3,97,47,64,30,79,275,Rice
6.7,22,15,37,31,59,115,Bajra
6.1,99,49,101,28,87,284,Rice
6.8,130,41,100,34,60,175,Maize
6.4,114,47,80,31,61,214,Maize
5.9,101,29,77,30,86,229,Rice
5.7,100,35,65,26,78,370,Rice
6.4,133,47,83,26,73,221,Rice
6.6,101,37,85,26,76,236,Maize
6.7,49,30,52,23,58,167,Wheat
6.0,133,36,120,29,74,199,Maize
5.7,118,45,67,24,82,287,Rice
6.7,66,20,73,20,54,161,Wheat
5.7,103,26,119,28,84,314,Rice
7.1,42,22,58,25,65,185,Wheat
6.5,119,38,96,25,84,265,Rice
6.1,102,34,82,30,72,191,Maize
6.0,63,36,79,21,51,143,Wheat
6.2,74,36,68,24,54,122,Wheat
7.4,87,29,54,24,64,152,Wheat
6.1,81,25,80,24,79,235,Rice
5.5,101,36,73,25,82,243,Rice
6.2,108,38,78,29,82,282,Rice
6.2,60,23,95,21,64,129,Wheat
6.7,70,32,56,23,63,119,Wheat
6.5,105,37,91,29,84,330,Rice
5.8,114,33,62,28,84,249,Rice
6.0,139,33,115,27,70,150,Maize
6.7,110,43,101,25,73,159,Maize
6.2,61,28,56,25,57,157,Wheat
6.7,60,38,75,23,60,143,Wheat
6.4,104,37,125,29,67,206,Maize
6.2,75,31,50,22,61,163,Wheat
6.7,117,45,102,29,68,152,Maize
5.8,103,41,123,33,75,212,Maize
6.8,112,38,86,29,77,153,Maize
7.2,42,23,77,23,68,173,Wheat
5.6,88,44,112,24,78,339,Rice
6.7,110,40,87,31,65,202,Maize
6.9,53,13,38,36,47,89,Bajra
5.5,139,46,95,24,74,371,Rice
5.9,136,47,109,27,78,363,Rice
5.8,100,46,136,33,79,194,Maize
6.1,48,39,77,23,50,104,Wheat
7.4,53,28,69,23,67,177,Wheat
6.6,74,26,81,24,53,142,Wheat
6.2,97,27,91,26,79,364,Rice
6.5,102,33,121,28,74,245,Maize
6.8,115,44,98,28,78,167,Maize
6.6,40,35,41,23,50,104,Wheat
6.7,32,5,35,36,38,135,Bajra
6.5,94,45,105,27,79,262,Rice
5.9,96,28,114,26,87,270,Rice
7.6,31,11,34,35,50,63,Bajra
6.5,45,24,76,20,50,105,Wheat
6.6,136,43,116,32,66,226,Maize
6.3,137,37,116,26,75,231,Rice
5.8,102,44,87,25,80,232,Rice
6.5,139,31,117,30,64,197,Maize
6.2,105,39,98,30,85,286,Rice
5.7,135,37,86,27,87,279,Rice
7.0,128,38,105,33,72,185,Maize
6.7,51,25,42,21,69,115,Wheat
6.6,62,36,55,25,57,182,Wheat
6.2,53,31,56,23,64,147,Wheat
6.4,119,20,116,25,72,215,Rice
7.5,80,35,70,23,61,132,Wheat
5.7,102,47,82,30,82,279,Rice
6.7,116,41,108,32,79,162,Maize
5.8,132,23,113,25,87,329,Rice
7.4,86,39,81,23,69,174,Wheat
6.7,136,38,131,27,72,231,Maize
6.7,41,25,67,23,62,165,Wheat
6.0,110,39,122,26,74,186,Maize
6.4,133,48,83,32,79,188,Maize
7.4,58,35,74,25,64,163,Wheat
6.3,129,46,121,30,76,230,Maize
6.2,136,24,99,30,73,313,Rice
6.1,138,38,90,29,78,301,Rice
6.7,110,33,96,32,73,208,Maize
6.1,135,41,115,29,83,293,Rice
6.7,138,37,139,32,61,165,Maize
8.3,46,19,41,37,54,76,Bajra
6.9,132,48,122,29,60,233,Maize
6.1,56,31,40,22,63,189,Wheat
6.4,107,32,118,27,63,229,Maize
6.6,136,49,103,28,61,203,Maize
6.5,64,37,99,24,67,171,Wheat
6.3,115,49,92,28,61,248,Maize
6.9,136,35,93,28,78,204,Maize
6.9,46,22,86,20,51,179,Wheat
7.0,54,33,93,25,55,177,Wheat
5.9,116,45,119,31,79,181,Maize
7.3,85,39,72,21,66,148,Wheat
6.0,102,21,67,28,89,285,Rice
6.8,74,22,73,20,63,180,Wheat
6.4,54,33,41,20,67,169,Wheat
8.4,47,15,21,30,45,88,Bajra
5.8,112,31,93,32,65,177,Maize
6.3,80,23,80,23,61,103,Wheat
6.8,130,36,105,30,67,204,Maize
6.2,119,43,111,26,79,217,Maize
6.3,77,35,91,23,65,115,Wheat
6.2,74,39,68,21,61,182,Wheat
7.4,88,39,54,20,51,163,Wheat
6.4,108,38,92,30,74,200,Maize
6.3,137,30,99,29,77,393,Rice
6.4,116,36,133,32,66,217,Maize
5.6,110,44,100,28,87,348,Rice
6.0,47,39,87,24,60,152,Wheat
7.8,42,7,54,37,49,100,Bajra
6.2,80,27,50,24,69,122,Wheat
6.6,106,31,109,31,65,233,Maize
6.1,62,29,42,24,62,107,Wheat
6.0,120,36,118,25,82,264,Rice
6.0,116,27,86,30,72,333,Rice
6.7,37,12,20,30,56,56,Bajra
6.3,83,30,75,22,55,124,Wheat
6.8,56,15,32,30,31,134,Bajra
5.5,121,21,119,24,71,255,Rice
6.0,116,33,92,31,75,246,Maize
6.9,119,32,123,29,68,239,Maize
6.7,67,29,58,24,54,126,Wheat
6.1,128,29,80,24,85,257,Rice
7.4,59,32,72,20,57,168,Wheat
6.5,93,41,82,26,75,210,Rice
7.0,41,22,94,23,66,127,Wheat
5.8,94,30,83,30,72,229,Rice
7.0,33,13,37,32,41,144,Bajra
7.1,31,6,28,30,50,97,Bajra
6.2,122,43,93,31,81,232,Rice
6.1,128,33,73,31,86,301,Rice
5.7,105,20,91,24,84,348,Rice
6.1,92,43,89,25,88,310,Rice
6.4,93,25,71,27,75,257,Rice
6.2,75,36,73,25,57,113,Wheat
6.8,40,39,98,25,57,124,Wheat
6.1,77,27,77,25,53,106,Wheat
6.9,138,32,119,25,60,227,Maize
7.2,53,23,77,23,50,105,Wheat
6.7,42,30,86,22,63,165,Wheat
7.2,51,21,56,22,59,185,Wheat
6.9,134,45,100,29,71,245,Maize
6.0,132,37,80,31,81,273,Rice
6.6,79,20,77,23,68,158,Wheat
6.3,117,40,97,32,74,190,Maize
6.7,100,49,83,32,63,185,Maize
6.6,62,34,75,22,55,134,Wheat
6.0,89,49,112,24,75,386,Rice
5.9,104,33,115,33,73,160,Maize
7.8,43,15,58,31,40,85,Bajra
7.0,77,25,73,25,56,126,Wheat
6.9,114,47,91,31,78,188,Maize
8.1,53,18,32,35,58,90,Bajra
5.9,116,33,96,24,77,366,Rice
7.0,86,27,72,22,51,177,Wheat
7.3,58,38,93,22,66,127,Wheat
7.4,58,20,90,24,60,168,Wheat
6.3,137,27,101,27,79,212,Rice
6.4,88,39,55,24,52,190,Wheat
6.0,124,41,99,30,86,267,Rice
6.2,102,34,119,24,78,254,Rice
5.9,124,46,124,33,74,188,Maize
6.5,48,31,45,23,62,125,Wheat
7.7,46,10,23,32,50,113,Bajra
6.8,111,35,100,30,67,164,Maize
6.5,77,36,80,22,67,156,Wheat
7.2,51,30,87,23,66,183,Wheat
6.5,60,28,93,22,62,154,Wheat
6.6,62,26,75,23,63,133,Wheat
6.1,129,39,99,26,75,372,Rice
7.5,34,17,41,37,31,139,Bajra
6.2,107,33,100,32,73,192,Maize
8.3,25,8,50,30,41,120,Bajra
5.8,136,39,123,25,65,248,Maize
6.0,105,33,130,29,62,207,Maize
6.4,138,41,87,29,89,299,Rice
6.0,124,29,109,24,70,276,Rice
7.4,82,33,93,25,65,154,Wheat
7.1,66,28,76,24,60,191,Wheat
7.4,75,39,57,20,52,167,Wheat
5.6,103,35,79,30,76,216,Rice
6.4,111,47,135,29,75,218,Maize
6.8,126,38,115,25,77,242,Maize
6.4,67,37,61,20,61,118,Wheat
7.5,73,26,98,21,64,106,Wheat
6.9,54,29,63,21,63,189,Wheat
6.7,113,31,127,33,66,197,Maize
5.6,101,42,66,31,78,226,Rice
5.9,106,40,119,31,78,212,Maize
6.0,106,35,104,33,72,235,Maize
6.7,53,18,27,30,42,67,Bajra
7.5,81,21,41,22,63,147,Wheat
6.8,111,43,104,28,63,199,Maize
5.8,127,49,64,26,76,309,Rice
7.0,79,37,86,22,58,149,Wheat
6.1,113,43,104,28,63,228,Maize
6.2,80,29,79,25,79,322,Rice
6.0,126,37,80,25,63,220,Maize
7.3,62,30,89,20,68,112,Wheat
6.4,116,34,92,28,60,245,Maize
6.7,58,25,83,23,56,140,Wheat
6.4,81,29,49,23,65,164,Wheat
5.8,118,46,125,32,68,213,Maize
6.3,86,36,60,28,75,353,Rice
6.5,127,41,64,28,81,298,Rice
5.5,94,48,75,27,82,243,Rice
6.5,108,22,68,26,80,352,Rice
6.6,108,49,138,29,69,171,Maize
6.6,44,27,50,20,59,164,Wheat
6.1,104,46,101,34,65,181,Maize
6.4,118,42,93,30,81,307,Rice
6.8,44,30,97,20,52,134,Wheat
6.6,110,32,110,29,67,213,Maize
6.7,57,38,43,23,58,179,Wheat
6.4,137,48,93,29,74,152,Maize
7.6,35,18,28,36,36,63,Bajra
7.2,47,21,79,20,66,168,Wheat
6.4,86,26,109,25,71,246,Rice
6.0,120,33,64,26,77,204,Rice
6.1,128,41,91,27,84,218,Rice
6.9,116,41,104,32,76,223,Maize
6.5,130,37,104,31,83,255,Rice
6.1,55,36,46,23,51,109,Wheat
6.1,134,35,93,28,72,167,Maize
5.9,95,39,83,26,81,250,Rice
5.8,81,32,117,28,82,357,Rice
6.8,123,45,123,25,68,223,Maize
5.6,136,38,83,30,78,241,Rice
6.6,137,33,84,33,71,236,Maize
7.3,50,30,52,25,57,124,Wheat
6.8,117,39,86,26,71,163,Maize
7.5,69,37,70,23,65,176,Wheat
6.2,62,29,72,25,52,199,Wheat
6.2,107,37,138,31,61,234,Maize
7.3,75,32,81,24,63,108,Wheat
6.5,88,21,42,22,67,134,Wheat
8.5,50,16,47,37,54,133,Bajra
6.4,107,20,118,28,79,241,Rice
7.3,57,32,90,24,69,165,Wheat
7.3,71,37,77,23,59,185,Wheat
7.4,58,36,63,23,63,151,Wheat
7.1,75,25,48,24,61,160,Wheat
7.0,43,24,45,24,68,190,Wheat
6.0,106,37,126,27,74,186,Maize
6.1,98,44,87,24,79,346,Rice
6.1,54,29,82,22,52,117,Wheat
6.8,68,37,96,21,69,128,Wheat
7.3,42,6,42,36,33,116,Bajra
6.8,40,34,96,20,55,106,Wheat
5.8,118,38,104,25,81,211,Rice
6.9,121,41,99,30,69,201,Maize
5.6,120,21,98,24,81,364,Rice
6.6,47,20,57,24,50,104,Wheat
7.0,109,33,112,31,67,154,Maize
6.2,46,36,67,25,64,114,Wheat
5.5,100,42,97,25,86,231,Rice
7.4,41,21,53,23,51,135,Wheat
7.1,52,31,74,24,64,145,Wheat
6.6,75,27,42,21,68,127,Wheat
6.6,106,38,91,27,74,200,Maize
7.7,24,18,23,35,45,133,Bajra
5.9,110,25,94,30,72,330,Rice
6.4,127,35,118,25,70,394,Rice
6.9,52,31,96,24,54,199,Wheat
7.2,40,16,40,32,59,55,Bajra
6.9,113,35,80,30,61,205,Maize
6.9,105,35,99,29,61,239,Maize
6.6,109,35,102,25,73,186,Maize
6.0,121,36,120,29,75,169,Maize
6.3,118,45,111,29,70,228,Maize
6.2,128,23,107,30,84,309,Rice
6.7,139,35,101,25,78,228,Maize
6.3,103,42,114,27,79,241,Rice
6.9,55,28,86,25,68,130,Wheat
8.1,45,12,43,37,48,97,Bajra
6.1,108,41,127,28,64,157,Maize
5.8,115,40,70,28,87,223,Rice
7.0,32,9,49,30,51,131,Bajra
8.3,46,12,44,34,57,65,Bajra
6.9,37,6,42,34,56,66,Bajra
5.9,110,22,76,28,87,321,Rice
6.9,107,42,87,27,65,178,Maize
6.3,126,46,80,31,72,216,Maize
6.0,90,41,77,31,72,205,Rice
6.4,107,38,87,26,82,237,Rice
6.5,85,25,77,20,60,180,Wheat
7.2,49,9,20,30,56,57,Bajra
5.8,128,38,103,26,84,235,Rice
6.6,113,34,133,31,74,162,Maize
6.1,127,42,114,26,82,318,Rice
5.7,86,49,109,29,87,250,Rice
6.9,139,36,99,26,77,228,Maize
6.1,120,31,119,29,70,231,Maize
5.5,120,28,108,30,78,253,Rice
5.9,111,23,61,31,87,391,Rice
5.8,128,27,87,30,83,348,Rice
6.7,136,45,119,34,67,167,Maize
6.6,126,46,119,26,76,180,Maize
5.5,120,21,93,26,72,216,Rice
5.8,134,30,127,28,60,166,Maize
6.7,73,37,70,22,65,109,Wheat
5.9,91,30,79,26,70,226,Rice
6.8,56,5,23,37,44,100,Bajra
5.8,122,44,106,31,74,221,Maize
7.2,57,23,86,22,52,178,Wheat
6.7,33,5,45,37,47,129,Bajra
6.3,105,47,71,27,86,341,Rice
6.4,117,41,81,26,76,159,Maize
6.6,100,33,104,28,61,168,Maize
6.2,121,49,102,34,62,236,Maize
6.8,78,27,57,20,55,126,Wheat
6.5,104,36,88,31,68,233,Maize
6.3,117,43,73,24,70,344,Rice
6.2,88,30,94,25,81,284,Rice
6.3,112,33,118,27,75,329,Rice
6.1,83,46,63,28,74,389,Rice
6.1,102,32,77,24,70,391,Rice
7.4,59,24,66,25,68,104,Wheat
5.9,103,43,62,28,76,288,Rice
6.3,128,39,111,31,66,158,Maize
7.5,43,39,67,25,61,197,Wheat
6.2,78,28,67,21,66,186,Wheat
6.1,85,35,70,25,89,394,Rice
6.3,139,32,101,27,82,270,Rice
6.5,116,44,115,29,70,205,Maize
5.9,131,46,69,29,82,283,Rice
7.4,62,37,60,22,59,175,Wheat
7.5,37,18,41,37,50,50,Bajra
7.1,34,8,41,37,55,95,Bajra
7.5,58,11,21,31,35,78,Bajra
6.6,138,36,115,31,64,249,Maize
6.4,130,31,129,25,77,211,Maize
6.3,94,35,108,24,81,209,Rice
6.4,113,48,91,26,79,203,Rice
6.5,123,33,86,34,74,161,Maize
6.6,55,24,58,23,55,125,Wheat
6.9,58,13,33,37,52,58,Bajra
7.3,59,27,71,24,58,118,Wheat
5.6,85,23,102,28,79,202,Rice
6.3,86,33,97,20,68,138,Wheat
6.4,137,44,88,25,89,317,Rice
5.9,129,36,118,29,62,201,Maize
7.3,66,27,68,24,62,121,Wheat
6.4,43,30,57,21,66,129,Wheat
6.2,95,34,99,24,80,322,Rice
6.3,126,38,84,27,62,179,Maize
7.4,71,29,76,25,52,185,Wheat
6.2,129,47,111,31,67,182,Maize
5.6,110,45,98,29,82,337,Rice
6.4,135,45,95,26,67,229,Maize
6.9,100,41,136,30,72,207,Maize
7.5,79,30,85,21,64,173,Wheat
6.0,49,38,85,24,64,179,Wheat
6.4,129,48,90,24,79,354,Rice
6.4,83,28,85,24,55,150,Wheat
6.9,102,43,128,33,60,206,Maize
6.6,33,10,36,32,31,89,Bajra
5.7,105,28,89,27,75,321,Rice
5.9,125,34,95,29,71,173,Maize
7.0,58,17,50,32,49,136,Bajra
6.7,54,5,26,35,39,136,Bajra
6.1,139,23,77,31,70,297,Rice
5.5,107,33,93,31,80,384,Rice
6.2,81,21,112,28,74,395,Rice
6.3,107,22,79,25,89,217,Rice
6.9,46,19,46,31,30,55,Bajra
6.0,132,40,80,25,88,203,Rice
6.4,104,43,72,29,88,248,Rice
7.5,40,27,56,24,64,149,Wheat
6.4,128,23,103,28,73,392,Rice
7.4,55,37,93,25,51,108,Wheat
6.1,82,32,82,22,57,124,Wheat
6.1,126,44,139,25,70,218,Maize
7.0,133,45,98,32,74,159,Maize
5.5,132,45,81,27,82,336,Rice
7.9,56,12,52,33,57,97,Bajra
7.0,84,36,56,23,63,118,Wheat
6.0,123,34,70,25,71,324,Rice
6.3,69,27,62,25,53,137,Wheat
6.2,108,43,95,26,89,269,Rice
8.4,27,11,21,34,37,134,Bajra
6.5,137,33,127,31,72,186,Maize
5.7,125,26,81,30,87,305,Rice
8.2,49,14,26,36,34,114,Bajra
6.1,139,37,89,25,65,228,Maize
7.0,139,48,99,27,65,243,Maize
8.4,51,17,34,31,42,73,Bajra
6.5,45,20,64,21,62,132,Wheat
6.0,103,31,100,34,79,165,Maize
6.5,79,31,64,23,50,196,Wheat
7.0,56,39,97,20,61,103,Wheat
5.5,138,28,82,24,70,283,Rice
6.1,113,46,80,31,84,391,Rice
6.3,100,47,72,26,73,203,Rice
7.2,50,30,49,24,62,143,Wheat
7.4,58,31,91,25,64,129,Wheat
7.3,50,24,87,25,67,158,Wheat
7.0,111,31,117,31,63,243,Maize
6.4,128,33,115,30,77,254,Rice
6.2,96,43,83,30,82,325,Rice
7.2,65,29,84,21,63,125,Wheat
5.6,112,48,112,29,89,347,Rice
6.2,112,43,123,32,77,197,Maize
5.5,114,40,93,26,73,332,Rice
6.2,110,21,71,26,74,364,Rice
6.1,138,40,83,27,81,376,Rice
6.4,89,21,70,20,53,150,Wheat
6.4,85,28,64,27,78,318,Rice
6.0,87,41,80,28,75,202,Rice
6.3,83,26,64,26,84,391,Rice
6.3,106,37,85,32,66,199,Maize
7.1,39,11,22,34,30,64,Bajra
5.6,120,34,101,25,89,268,Rice
5.9,100,44,105,26,75,158,Maize
5.7,102,30,104,25,71,341,Rice
7.1,55,31,50,25,52,113,Wheat
6.5,110,32,129,25,60,193,Maize
7.3,87,31,51,22,51,106,Wheat
6.2,131,40,122,27,73,181,Maize
7.0,102,39,132,32,77,216,Maize
6.7,108,43,134,25,63,175,Maize
6.1,101,24,94,25,72,272,Rice
5.5,122,31,62,25,75,334,Rice
6.7,61,38,78,22,58,198,Wheat
7.9,59,13,32,37,51,130,Bajra
5.9,123,31,114,27,60,170,Maize
6.4,84,28,77,25,68,134,Wheat
6.0,124,40,89,25,63,239,Maize
6.3,117,30,93,32,61,200,Maize
6.1,100,48,100,34,60,245,Maize
6.2,118,49,66,29,87,244,Rice
7.1,49,33,85,22,69,174,Wheat
6.9,58,26,63,21,52,161,Wheat
6.9,63,21,61,23,59,165,Wheat
5.6,122,46,87,25,82,264,Rice
5.9,109,41,97,34,60,152,Maize
5.8,107,46,88,30,76,170,Maize
6.6,46,12,28,33,44,115,Bajra
5.9,129,29,113,25,70,334,Rice
6.3,75,32,55,25,54,188,Wheat
5.6,118,43,115,31,78,258,Rice
5.8,100,37,83,29,78,202,Maize
6.1,58,20,68,20,69,140,Wheat
6.9,45,36,61,20,62,175,Wheat
6.9,136,34,124,34,70,157,Maize
6.3,44,27,56,24,58,101,Wheat
6.7,130,36,109,34,62,200,Maize
7.8,45,5,49,30,35,111,Bajra
6.0,80,49,115,26,86,326,Rice
6.7,79,36,64,25,58,111,Wheat
5.7,132,41,84,28,80,259,Rice
6.5,116,31,87,28,69,156,Maize
6.4,104,28,63,28,75,328,Rice
5.7,119,44,62,24,70,302,Rice
6.0,72,35,61,25,63,103,Wheat
7.2,51,36,92,21,52,151,Wheat
6.1,49,37,86,21,66,171,Wheat
6.3,48,39,82,25,63,132,Wheat
6.5,122,45,130,26,74,184,Maize
5.9,118,31,63,31,79,205,Rice
5.6,114,36,102,25,79,266,Rice
7.9,46,6,38,33,53,118,Bajra
7.7,34,19,57,36,41,147,Bajra
6.2,131,33,84,29,67,171,Maize
6.2,129,34,95,29,62,172,Maize
5.5,94,37,84,31,71,221,Rice
6.3,43,38,62,21,50,151,Wheat
5.6,112,26,110,27,70,262,Rice
7.0,58,32,96,24,68,164,Wheat
6.4,132,34,120,33,77,160,Maize
6.1,133,36,110,28,61,232,Maize
7.2,47,30,80,23,69,108,Wheat
6.0,123,30,120,33,72,212,Maize
5.9,134,33,128,33,79,184,Maize
6.5,138,31,121,33,74,155,Maize
6.7,67,20,40,23,53,119,Wheat
6.4,124,39,91,33,66,213,Maize
6.9,56,24,53,21,65,160,Wheat
7.0,89,37,75,23,68,141,Wheat
6.5,84,39,71,26,84,235,Rice
6.6,88,38,87,22,51,196,Wheat
6.2,128,42,84,33,65,182,Maize
6.8,62,30,63,21,69,109,Wheat
5.8,126,34,103,31,77,389,Rice
6.3,137,23,82,28,86,358,Rice
5.5,80,34,71,28,87,219,Rice
6.7,121,41,129,28,63,246,Maize
6.6,42,34,66,24,52,170,Wheat
5.7,98,26,95,27,89,286,Rice
6.6,128,47,120,27,63,214,Maize
5.9,87,34,74,25,76,221,Rice
6.0,59,35,42,25,51,198,Wheat
6.5,101,48,135,28,61,247,Maize
5.6,129,44,79,24,83,387,Rice
7.1,78,31,87,24,51,153,Wheat
6.9,57,17,43,32,59,86,Bajra
6.0,118,30,73,30,85,249,Rice
6.6,132,44,93,27,64,249,Maize
6.1,110,42,89,28,84,229,Rice
5.7,120,32,69,26,85,357,Rice
6.1,132,27,104,30,89,283,Rice
6.6,131,35,109,34,64,162,Maize
6.6,123,49,134,32,68,170,Maize
6.2,94,45,113,25,80,364,Rice
6.9,129,48,113,30,60,152,Maize
6.6,129,34,128,30,73,163,Maize
8.1,27,7,51,36,58,90,Bajra
6.1,58,38,76,20,69,153,Wheat
5.8,87,33,115,26,82,370,Rice
6.0,110,48,85,25,87,256,Rice
6.0,95,42,115,27,70,314,Rice
6.7,75,23,81,20,57,150,Wheat
6.9,113,49,106,27,67,235,Maize
6.4,108,27,113,24,89,220,Rice
6.1,123,41,85,24,89,383,Rice
5.8,133,28,81,24,74,236,Rice
6.4,131,42,99,28,70,186,Maize
6.2,108,43,98,28,78,272,Rice
7.0,47,33,88,24,67,181,Wheat
6.4,105,31,116,30,70,251,Rice
5.7,130,44,104,30,79,251,Rice
7.1,78,27,71,22,69,169,Wheat
6.7,116,31,117,33,64,153,Maize
7.1,45,33,47,24,63,160,Wheat
5.9,94,32,65,30,86,267,Rice
6.5,126,43,94,27,69,158,Maize
6.5,119,37,137,27,78,165,Maize
6.3,89,49,77,26,80,249,Rice
6.1,67,33,45,25,56,173,Wheat
6.1,56,38,68,20,61,114,Wheat
6.3,120,24,63,27,85,304,Rice
6.9,102,47,96,34,61,237,Maize
5.8,111,42,93,24,88,265,Rice
6.3,60,22,44,22,56,105,Wheat
7.1,88,36,85,21,57,139,Wheat
6.0,100,44,110,33,74,246,Maize
5.6,84,23,76,28,89,341,Rice
6.1,139,30,108,28,78,186,Maize
6.9,63,38,51,23,50,106,Wheat
5.9,86,36,118,26,75,253,Rice
6.6,81,24,69,24,64,120,Wheat
5.8,100,20,74,24,88,390,Rice
7.4,53,10,25,34,51,118,Bajra
6.3,40,32,82,22,56,102,Wheat
5.9,96,32,73,28,75,322,Rice
6.9,79,32,89,23,66,160,Wheat
5.6,84,33,74,27,86,205,Rice
6.2,62,35,56,25,69,143,Wheat
6.9,41,6,25,33,55,72,Bajra
6.7,50,16,22,33,32,127,Bajra
6.3,49,36,54,22,58,167,Wheat
5.9,128,40,60,30,87,211,Rice
6.3,86,26,67,20,52,162,Wheat
6.8,46,30,69,22,66,117,Wheat
7.4,65,38,66,23,57,120,Wheat
6.4,130,43,106,33,60,182,Maize
6.5,110,40,60,27,81,344,Rice
6.3,43,27,73,25,64,127,Wheat
6.6,29,13,50,31,53,111,Bajra
6.6,109,47,134,30,75,241,Maize
6.6,40,22,54,23,59,120,Wheat
6.1,114,39,135,33,71,188,Maize